The Fort and the Wave	/Users/ricky/.codex/generated_images/01a0bbb3-9d19-7282-bb3b-3c2e17811add/exec-92d87e3e-a8d9-4b58-914e-e093550fda48.png	Stories/The Fort and the Wave/story_the_fort_and_the_wave.png
The Fort and the Wave	/Users/ricky/.codex/generated_images/01a0bbb3-9d19-7282-bb3b-3c2e17811add/exec-0b029730-cfe9-4c8d-840c-ba694444de98.png	Stories/The Fort and the Wave/comp_the_fort_and_the_wave_0.png
The Fort and the Wave	/Users/ricky/.codex/generated_images/01a0bbb3-9d19-7282-bb3b-3c2e17811add/exec-cf653fa1-bc9c-40c1-b492-6919c83fa214.png	Stories/The Fort and the Wave/comp_the_fort_and_the_wave_1.png
The Fort and the Wave	/Users/ricky/.codex/generated_images/01a0bbb3-9d19-7282-bb3b-3c2e17811add/exec-b9229d96-83bb-489f-9a96-7d03009d7afc.png	Stories/The Fort and the Wave/comp_the_fort_and_the_wave_2.png
A Ride for the Gnome	/Users/ricky/.codex/generated_images/01a0bbb3-9d19-7282-bb3b-3c2e17811add/exec-1210de2a-fede-4c0a-b60f-e5f2f45c13b3.png	Stories/A Ride for the Gnome/story_a_ride_for_the_gnome.png
A Ride for the Gnome	/Users/ricky/.codex/generated_images/01a0bbb3-9d19-7282-bb3b-3c2e17811add/exec-8bd48f2d-8c3d-4db2-a929-3d054cf4c173.png	Stories/A Ride for the Gnome/comp_a_ride_for_the_gnome_0.png
A Ride for the Gnome	/Users/ricky/.codex/generated_images/01a0bbb3-9d19-7282-bb3b-3c2e17811add/exec-c53c25bd-d976-43ae-9976-4fc67c24e6b9.png	Stories/A Ride for the Gnome/comp_a_ride_for_the_gnome_1.png
A Ride for the Gnome	/Users/ricky/.codex/generated_images/01a0bbb3-9d19-7282-bb3b-3c2e17811add/exec-1dfa38f0-bc99-4887-9841-1e3934724fd6.png	Stories/A Ride for the Gnome/comp_a_ride_for_the_gnome_2.png
The Crow and the Nut	/Users/ricky/.codex/generated_images/01a0bbb3-9d19-7282-bb3b-3c2e17811add/exec-12766b84-50c2-475b-a76a-f27b3e6aa06e.png	Stories/The Crow and the Nut/story_the_crow_and_the_nut.png
The Crow and the Nut	/Users/ricky/.codex/generated_images/01a0bbb3-9d19-7282-bb3b-3c2e17811add/exec-bbc7cd0a-9097-4b18-a928-5c9019e3db74.png	Stories/The Crow and the Nut/comp_the_crow_and_the_nut_0.png
The Crow and the Nut	/Users/ricky/.codex/generated_images/01a0bbb3-9d19-7282-bb3b-3c2e17811add/exec-d1f9ab05-6505-4fcf-a5e6-3d929ef565bd.png	Stories/The Crow and the Nut/comp_the_crow_and_the_nut_1.png
The Crow and the Nut	/Users/ricky/.codex/generated_images/01a0bbb3-9d19-7282-bb3b-3c2e17811add/exec-7832c079-1e89-426b-b7f8-ce6e94de2bf7.png	Stories/The Crow and the Nut/comp_the_crow_and_the_nut_2.png
The Wrong Bag	/Users/ricky/.codex/generated_images/01a0bbb3-9d19-7282-bb3b-3c2e17811add/exec-af66fd23-eff5-4c1a-8bca-12c444cfd079.png	Stories/The Wrong Bag/story_the_wrong_bag.png
The Wrong Bag	/Users/ricky/.codex/generated_images/01a0bbb3-9d19-7282-bb3b-3c2e17811add/exec-a83fbb19-97d4-4ac4-9f9a-0b6b548beab8.png	Stories/The Wrong Bag/comp_the_wrong_bag_0.png
The Wrong Bag	/Users/ricky/.codex/generated_images/01a0bbb3-9d19-7282-bb3b-3c2e17811add/exec-6e1ef41d-35b1-4503-9461-1b34e3970e5c.png	Stories/The Wrong Bag/comp_the_wrong_bag_1.png
The Wrong Bag	/Users/ricky/.codex/generated_images/01a0bbb3-9d19-7282-bb3b-3c2e17811add/exec-2fe55551-05cb-47c6-b153-89bb2e0ef385.png	Stories/The Wrong Bag/comp_the_wrong_bag_2.png
Keep the Ball Up	/Users/ricky/.codex/generated_images/01a0bbb3-9d19-7282-bb3b-3c2e17811add/exec-5e30226f-9574-41af-a39e-9a611e17ed8a.png	Stories/Keep the Ball Up/story_keep_the_ball_up.png
Keep the Ball Up	/Users/ricky/.codex/generated_images/01a0bbb3-9d19-7282-bb3b-3c2e17811add/exec-9d7b530a-c055-4955-9be9-12ed228bc899.png	Stories/Keep the Ball Up/comp_keep_the_ball_up_0.png
Keep the Ball Up	/Users/ricky/.codex/generated_images/01a0bbb3-9d19-7282-bb3b-3c2e17811add/exec-63026c51-e1a8-4dc7-a68e-c081575be1c0.png	Stories/Keep the Ball Up/comp_keep_the_ball_up_1.png
Keep the Ball Up	/Users/ricky/.codex/generated_images/01a0bbb3-9d19-7282-bb3b-3c2e17811add/exec-a3d9a2b4-0f77-40a1-8afd-e41cf5a84157.png	Stories/Keep the Ball Up/comp_keep_the_ball_up_2.png
One Night with Sage	/Users/ricky/.codex/generated_images/01a0bbb3-9d19-7282-bb3b-3c2e17811add/exec-4fc6070b-5ae6-4ff4-8394-6e1c4f053794.png	Stories/One Night with Sage/story_one_night_with_sage.png
One Night with Sage	/Users/ricky/.codex/generated_images/01a0bbb3-9d19-7282-bb3b-3c2e17811add/exec-f5ef126f-6571-463a-920c-d9bad34ba613.png	Stories/One Night with Sage/comp_one_night_with_sage_0.png
One Night with Sage	/Users/ricky/.codex/generated_images/01a0bbb3-9d19-7282-bb3b-3c2e17811add/exec-987aa4ee-09a1-4fa1-a1d2-15607eeba2ad.png	Stories/One Night with Sage/comp_one_night_with_sage_1.png
One Night with Sage	/Users/ricky/.codex/generated_images/01a0bbb3-9d19-7282-bb3b-3c2e17811add/exec-1d8e7718-5577-47f1-ad5c-ed7adeaab6d7.png	Stories/One Night with Sage/comp_one_night_with_sage_2.png
One Hat for Two	/Users/ricky/.codex/generated_images/01a0bbb3-9d19-7282-bb3b-3c2e17811add/exec-19ef1596-02d4-40b1-916b-356258425b82.png	Stories/One Hat for Two/story_one_hat_for_two.png
One Hat for Two	/Users/ricky/.codex/generated_images/01a0bbb3-9d19-7282-bb3b-3c2e17811add/exec-0e3d87e2-e7e1-4c84-831b-22fa8a1d7af2.png	Stories/One Hat for Two/comp_one_hat_for_two_0.png
One Hat for Two	/Users/ricky/.codex/generated_images/01a0bbb3-9d19-7282-bb3b-3c2e17811add/exec-cdaec485-9e79-419c-8373-79c785ff1c45.png	Stories/One Hat for Two/comp_one_hat_for_two_1.png
One Hat for Two	/Users/ricky/.codex/generated_images/01a0bbb3-9d19-7282-bb3b-3c2e17811add/exec-939465f9-e31d-43c2-8fa8-904ca6537993.png	Stories/One Hat for Two/comp_one_hat_for_two_2.png
The Crumb on the Book	/Users/ricky/.codex/generated_images/01a0bbb3-9d19-7282-bb3b-3c2e17811add/exec-9e8012b4-f281-4aaf-84c9-9d9dc526c897.png	Stories/The Crumb on the Book/story_the_crumb_on_the_book.png
The Crumb on the Book	/Users/ricky/.codex/generated_images/01a0bbb3-9d19-7282-bb3b-3c2e17811add/exec-88160c9e-d5e0-4b3d-9418-c26b56ad4631.png	Stories/The Crumb on the Book/comp_the_crumb_on_the_book_0.png
The Crumb on the Book	/Users/ricky/.codex/generated_images/01a0bbb3-9d19-7282-bb3b-3c2e17811add/exec-6f5dce26-220e-410c-96b3-0c29ce4ca1ab.png	Stories/The Crumb on the Book/comp_the_crumb_on_the_book_1.png
The Crumb on the Book	/Users/ricky/.codex/generated_images/01a0bbb3-9d19-7282-bb3b-3c2e17811add/exec-4040220c-dd14-42fc-9a33-c2d3538febf1.png	Stories/The Crumb on the Book/comp_the_crumb_on_the_book_2.png
Sage and the Lamb	/Users/ricky/.codex/generated_images/01a0bbb3-9d19-7282-bb3b-3c2e17811add/exec-6d3995ca-ed95-4181-ad4a-f5bc1531f716.png	Stories/Sage and the Lamb/story_sage_and_the_lamb.png
Sage and the Lamb	/Users/ricky/.codex/generated_images/01a0bbb3-9d19-7282-bb3b-3c2e17811add/exec-f164e752-b0cb-4b19-93e9-e93c8ae222e1.png	Stories/Sage and the Lamb/comp_sage_and_the_lamb_0.png
Sage and the Lamb	/Users/ricky/.codex/generated_images/01a0bbb3-9d19-7282-bb3b-3c2e17811add/exec-dc6592f2-fa2d-45a3-8126-22a1f8f33721.png	Stories/Sage and the Lamb/comp_sage_and_the_lamb_1.png
Sage and the Lamb	/Users/ricky/.codex/generated_images/01a0bbb3-9d19-7282-bb3b-3c2e17811add/exec-c742e62f-5e1a-4063-b7dd-05e7aeae1d36.png	Stories/Sage and the Lamb/comp_sage_and_the_lamb_2.png
A Note for Wren	/Users/ricky/.codex/generated_images/01a0bbb3-9d19-7282-bb3b-3c2e17811add/exec-b4bee110-ddd1-4e9f-96ab-26d2241a6b5a.png	Stories/A Note for Wren/story_a_note_for_wren.png
A Note for Wren	/Users/ricky/.codex/generated_images/01a0bbb3-9d19-7282-bb3b-3c2e17811add/exec-d604131b-9eb2-4b39-8541-3ab1454fc8b4.png	Stories/A Note for Wren/comp_a_note_for_wren_0.png
A Note for Wren	/Users/ricky/.codex/generated_images/01a0bbb3-9d19-7282-bb3b-3c2e17811add/exec-dc2b8ae9-fcfd-4242-960f-da26d3ef4c70.png	Stories/A Note for Wren/comp_a_note_for_wren_1.png
A Note for Wren	/Users/ricky/.codex/generated_images/01a0bbb3-9d19-7282-bb3b-3c2e17811add/exec-0ac43bc6-a0f1-477b-b7f6-1f2b822d9b96.png	Stories/A Note for Wren/comp_a_note_for_wren_2.png
